rank,slug,question,resolution,start_date,end_date,closed_time,volume_usdc,volume_clob_usdc,last_trade_price,best_bid,best_ask,condition_id,event_title,event_slug
1,will-donald-trump-win-the-2024-us-presidential-election,Will Donald Trump win the 2024 US Presidential Election?,Yes,2024-01-04,2024-11-05,2024-11-06 15:17:41+00,1531479284.504353,1531479284.504353,1,0.997,0.998,0xdd22472e552920b8438158ea7238bfadfa4f736aa4cee91a6b86c39ead110917,Presidential Election Winner 2024,presidential-election-winner-2024
2,will-kamala-harris-win-the-2024-us-presidential-election,Will Kamala Harris win the 2024 US Presidential Election?,No,2024-01-04,2024-11-04,2024-11-06 18:03:54+00,1037039118.18879,1037039118.18879,1,,0.001,0xc6485bb7ea46d7bb89beb9c91e7572ecfc72a6273789496f78bc5e989e4d1638,Presidential Election Winner 2024,presidential-election-winner-2024
3,will-donald-trump-be-inaugurated,Will Donald Trump be inaugurated?,Yes,2024-11-01,2025-01-20,2025-01-20 22:51:36+00,400409526.886835,400409526.886835,1,0.999,1,0xc3d4155148681756bfe67bb41d8d0882a8a122e7d3762b3591bf6598c9bd198b,Who will be inaugurated as President? ,who-will-be-inaugurated-as-president
4,will-nicolae-ciuca-win-the-2024-romanian-presidential-election,Will Nicolae Ciucă win the 2024 Romanian Presidential election?,No,2024-11-08,2024-12-08,2025-05-01 09:18:53+00,326507670.562732,326507670.562732,1,,0.001,0x9872fe47fbf6284e5399c0f41d6d2c8fb310d2f4d2d50635ab3b36f6a0a7f5b0,(Old) Romania Election,romania-presidential-election
5,will-any-other-republican-politician-win-the-2024-us-presidential-election,Will any other Republican Politician win the 2024 US Presidential Election?,No,2024-01-06,2024-11-05,2024-11-06 19:45:36+00,241655099.850067,241655099.850067,1,,0.001,0x55c551896c10a74861f2fd88b4f928694310114704cc74b29b9760d1156cade6,Presidential Election Winner 2024,presidential-election-winner-2024
6,will-michelle-obama-win-the-2024-us-presidential-election,Will Michelle Obama win the 2024 US Presidential Election?,No,2024-01-05,2024-11-05,2024-11-06 19:00:15+00,153382275.618594,153382275.618594,1,,0.001,0x230144e34a84dfd0ebdc6de7fde37780e28154f6f84dd8880c7f0e58d302d448,Presidential Election Winner 2024,presidential-election-winner-2024
7,will-zohran-mamdani-win-the-2025-nyc-mayoral-election,Will Zohran Mamdani win the 2025 NYC mayoral election?,Yes,2025-04-22,2025-11-04,2025-11-05 05:44:47+00,143254859.334333,143254859.334333,1,0.999,1,0xebddfcf7b4401dade8b4031770a1ab942b01854f3bed453d5df9425cd9f211a9,New York City Mayoral Election,new-york-city-mayoral-election
8,will-robert-f-kennedy-jr-win-the-2024-us-presidential-election,Will Robert F. Kennedy Jr. win the 2024 US Presidential Election?,No,2024-01-04,2024-11-05,2024-11-06 18:09:00+00,141605110.748029,141605110.748029,1,,0.001,0x7da35195ac3c7bf167f88ab0c27067a99020e36de67d39968b71d9debcdd925e,Presidential Election Winner 2024,presidential-election-winner-2024
9,will-trump-nominate-judy-shelton-as-the-next-fed-chair,Will Trump nominate Judy Shelton as the next Fed chair?,No,2025-08-05,2026-12-31,2026-03-04 19:25:55+00,127684064.95211223,127684064.95211223,0.001,,0.001,0x46d40e851b24d9b0af4bc1942ccd86439cae82a9011767da14950df0ad997adf,Who will Trump nominate as Fed Chair?,who-will-trump-nominate-as-fed-chair
10,will-any-other-democratic-politician-win-the-2024-us-presidential-election,Will any other Democratic Politician win the 2024 US Presidential Election?,No,2024-01-06,2024-11-05,2024-11-06 19:54:53+00,116558196.386525,116558196.386525,1,,0.001,0xb92f22143e7b48609a82573fa8197dc73683a15acb467b0f51ee63da7e3f520b,Presidential Election Winner 2024,presidential-election-winner-2024
11,will-frances-fitzgerald-win-the-irish-presidential-election,Will Frances Fitzgerald win the Irish Presidential Election?,No,2025-03-20,2025-11-11,2025-10-25 21:53:33+00,115067178.333268,115067178.333268,1,,0.001,0x4037ced85ebd734a30727e948abfe77b19fc2ce7ee0560a933d0c080fe076516,Ireland Presidential Election,ireland-presidential-election
12,will-nikki-haley-win-the-2024-us-presidential-election,Will Nikki Haley win the 2024 US Presidential Election?,No,2024-01-04,2024-11-05,2024-11-06 18:04:10+00,107529158.083605,107529158.083605,1,,0.001,0xced9f9d90c94db9f1e1dbd7d9fba82fe4fa7431c0d4e91e28896c8ac2d6acadd,Presidential Election Winner 2024,presidential-election-winner-2024
13,will-hillary-clinton-win-the-2024-us-presidential-election,Will Hillary Clinton win the 2024 US Presidential Election?,No,2024-01-05,2024-11-05,2024-11-06 19:45:30+00,93307167.686999,93307167.686999,1,,0.001,0x63634b4e14297a748923f86dca4fa0c6c659db0f5fadeeb8e419e48e20759c34,Presidential Election Winner 2024,presidential-election-winner-2024
14,will-gavin-newsom-be-d-nom-for-vp-on-election-day,Will Gavin Newsom be D-nom for VP on Election Day?,No,2024-08-18,2024-11-04,2024-11-05 14:09:03+00,92886849.31616,92886849.31616,1,,0.001,0x90f5098954615b11f095156ac37913a70f8c7cf2978ab6b61d8d789bab1cf2d9,Democratic VP nominee on election day?,democratic-vp-nominee-on-election-day
15,will-trump-release-the-epstein-files-by-december-19-771,Will Trump release the Epstein files by December 19?,Yes,2025-12-02,,2025-12-24 00:37:17+00,90915983.771306,90915983.771306,1,0.999,1,0xac9c6628a5398bb2a06f566854270a9fbc7f2badec4329d3b5fdc1407291c35b,Will Trump release Epstein files by...? ,will-trump-release-epstein-files-by
16,will-lee-jae-myung-be-elected-the-next-president-of-south-korea,Will Lee Jae-myung be elected the next president of South Korea?,Yes,2025-04-04,2025-06-03,2025-06-03 21:33:32+00,88035547.447225,88035547.447225,1,0.999,1,0xa4f51ae09144ebedb1e4329a28597dcb25217be1050fb76b86335837943bf519,Next president of South Korea?,next-president-of-south-korea
17,romania-presidential-election-winner-will-hunor-kelemen-win-the-romanian-presidential-election,Will Hunor Kelemen win the Romanian presidential election?,No,2025-01-17,2025-12-31,2025-05-19 05:38:37+00,80897096.543524,80897096.543524,0.001,,0.001,0x784d67eb3b205e7f6543b09d8737d5dc1c2a14d43a102bbb59f7f4f94fc56135,Romania Presidential Election Winner,romania-presidential-election-winner
18,will-trump-launch-a-coin-before-the-election,Will Trump launch a coin before the election?,Yes,2024-06-18,2024-11-04,2024-10-18 00:22:28+00,76899060.598799,76899060.598799,1,0.993,0.996,0x70de1b06646805d289744df352ed58b5612fafb3d0322e483243c32cb110f8a7,Will Trump launch a coin before the election?,will-trump-launch-a-coin-before-the-election
19,will-kim-moon-soo-be-elected-the-next-president-of-south-korea,Will Kim Moon-soo be elected the next president of South Korea?,No,2025-04-04,2025-06-03,2025-06-03 21:49:12+00,73197949.803466,73197949.803466,1,,0.001,0xf9425f69ce7fbde7ee54887ea24b164d2d4c06b594c4d4f94b1921cd79321b19,Next president of South Korea?,next-president-of-south-korea
20,will-kamala-harris-be-inaugurated,Will Kamala Harris be inaugurated?,No,2024-11-01,2024-12-20,2025-01-21 00:20:56+00,72247146.4466322,72247146.4466322,1,,0.001,0xc5a29d7da91c765c5b8b45dc5f86147558ad0d16bb18e7ca14a74e3b5e3ebf9a,Who will be inaugurated as President? ,who-will-be-inaugurated-as-president
