side,price,size,timestamp,outcome,tx_hash
SELL,0.999,20,1767247495,No,0x6d8ed241e6e735127c1d2f2bfea0bfeb58878fa6582650dc124fe11ed3fd5f0f
BUY,0.001,1050,1767238469,Yes,0x070e9672ea0bd728123b734a51fbbd3caf54b2c916207a304d267a4ae95d65d6
BUY,0.001,2048,1767236525,Yes,0x01024a5cf08bc7558ef340816e1a42362c79cc700252fea4a7fa8a023d040873
BUY,0.999,77.92,1767222949,No,0x1acfc39805a4dbb851a8b61d84acb05ee68d915014382aedec4a17d3d3c3369c
BUY,0.002,500,1767216319,Yes,0xf4abb38da399534359bd742ee92d1ad467e9e38ebb9962488c3f87f9b8047464
BUY,0.999,1.001,1767212123,No,0x1919cfd1916331ceb40966fca258e88bbb9daea614c7f5054ab840bc515fb556
SELL,0.998,1,1767210727,No,0xb2cf0d427e849218ae82d4a5cd8ee490191c9b00c948e412029c4c0a9e83507a
BUY,0.999,1.001,1767201797,No,0x0a29f9645b652032561970a538ad7196b5f532ba5c24415bff0ac4b75599c76d
BUY,0.999,16.52,1767200111,No,0xd59fca09b8ec083f099e9da7fdaa2c11f435ba977de8fe48f75c8f66897b0812
SELL,0.001,8309.33,1767199327,Yes,0xce91e0aa07185cf9f23ed58fd41f01feaf739b8b4920c602c74aeeef42ed70ae
BUY,0.999,10.01,1767199295,No,0xeb47dddf60b844659c87111e9b89bbbb274ecfd2c8fea2442f70f841ab53e0ac
SELL,0.001,38.36,1767198417,Yes,0x1401fc1c38c96ba71adcba647ed638fa9329ba6310022f110b6c367ed2018a99
BUY,0.999,5,1767189677,No,0xc46f65b43b8e274f2934cd671b33ecf5d2e0dd4aedc3849203ac068575c75f6b
SELL,0.998,700,1767186085,No,0xd162f1522af642426e223533e0bd3f4cc1dee297d5e37b315621eaf57729b1e6
BUY,0.999,1.001,1767183567,No,0xb973055d2f2fea4c4f54f108898cfc6a95a967f620a170c366ea0c63582fc780
BUY,0.999,1.001,1767182131,No,0x6e331c2030c9001a262d46ffbefd572b5dac9a50e630b60acf9745b3be91d8be
BUY,0.999,1.001,1767180771,No,0x88f205851b6f802b288cc40e7ebbb52957ec8861f9b7fc5a83c3672b042f26c4
BUY,0.999,11,1767179657,No,0xa539d6f90942295a0cef6e51fae806122a4c575867b56386d4d3dda94865f8c8
BUY,0.999,1.001,1767170691,No,0x7fd1c6f4e2a54c00dad2e842b1c1cadecbf45467d3d3e7a689867237dd1d4678
BUY,0.999,1.001,1767166031,No,0x6a1797329e11a345c2d1780c331b8a0591595290c639455d9ce6d8efde953bab
SELL,0.003,46.46,1767163677,Yes,0xc431565a6b55fa4bf195bf067ba8ca58b744717d1a5bc07860ba612a819e4e8b
SELL,0.0010392702025557048,2546.46,1767163667,Yes,0x757ab763f694fd7be065c02e86ff1a735a75712230da12b4e16cdd8b0bf34472
BUY,0.996,600,1767160257,No,0x7c0df0a1a841b902c558b8fed300804b895aec1c84085a94820101c5cf3b8130
BUY,0.996,200,1767159907,No,0x2523e995bdce2034a90390e9a4bc2bc2a3123ca6c1c564fd0c0726b9270f650d
BUY,0.004,200,1767159045,Yes,0xee63101fd4a0fc12fdd04c997bcf7d5c791397e4fcd863cbcc7c880764d3086c
SELL,0.005,200,1767155831,Yes,0xeb6ae98ab424b8a1ee6661ba9d6a58d565e1dccd0c559e223d5618af07bc821e
BUY,0.004739811912225706,1595,1767154041,Yes,0xb2526a318a99628abde1a7dfb83fd5c5a8026e59fef466df7afcaad6f422d655
SELL,0.001,6.64,1767144029,Yes,0x3e7f15b512faabbfddc13e15654f7bfc95a6761c5a3bd1209fbca65b634a7333
BUY,0.998,702.66,1767127673,No,0x07f119776e751a941f1b82eadaffa7989aeacf594c03e8b7f605446ea75c6662
BUY,0.998,26.052,1767117727,No,0xbb77447d56c7e45511b6da2d19074953a2daa378f54f906fbff858608f35c9a2
BUY,0.995,20,1767115011,No,0xc0676ae1e13d0bfa8d38846e6cc42e07f23dc08f16abd3182d2178d906cf4a15
BUY,0.993,77.92,1767101557,No,0x652970bf2e32e5a25aac9cf4c88fadd0e86420c9b8feafda173c367e157740fb
BUY,0.992,27.29,1767098069,No,0x39931577b0ac468687b350ef5154899f53ae079615dfc72f86bf50a4060dddb0
BUY,0.010829640804856306,92.339166,1767096295,Yes,0x0af79fc67842fd16c5398884c3229ff905d99d1d7aa5d56ff81745dc25df9111
SELL,0.008,8,1767088027,Yes,0x4da3926bc5db0577c50d0f1e028b3810c81ad4914d98295667e49b96d87c0d1d
BUY,0.010031004933458878,99.690909,1767083655,Yes,0x0123bd722405ddb3ee106c19e0a803c1aeda0b7079c626a42e8e9c1fb9f20290
BUY,0.993,1.007,1767081153,No,0x9a8941d39656fd26d81f51248001f64ca7c316cf25d70b0c64d13a1f28b845e5
SELL,0.007,34.62,1767080219,Yes,0x31f886ecab82051c3d42ded7c94a9bbcd34b4b44e07025210149fe48931da517
SELL,0.992,0.1,1767068771,No,0xc4a97112a0d3404418fcc1f52a41b36bb6d0f0ce74f82190b94f4cc57fdfa1c0
BUY,0.007,36.45,1767065025,Yes,0x580421ca609395f10b5872f569f5a195938076e18292e4762f610d9b24abcda1
BUY,0.9969569507440121,125.67,1767058777,No,0x3ceba524dcdad00e29035c21f1d0d1500898b33e2bde5851d940f98b708c3f9f
BUY,0.9939580178940124,217.95,1767056485,No,0x73f10d5c90f35f437a1efc264af9932e2b7bb9590da167d1295be4afdae67ee4
BUY,0.007,36.45,1767045617,Yes,0xeb962e4a286dd9ea12987931dcc4c9f328b9400c1b5bbd1609ad61a5466607ec
BUY,0.995,1.005,1767041631,No,0xadb4623384965070cf39180d69313910b74bc6e0e2ca9e2e54faa351888dd32b
SELL,0.993,11.71,1767035251,No,0xe2e0a3383f749a54f6aa67c3247d34bddf89d28fd0497ab47713e2f0c13e3351
BUY,0.995,1.005,1767032133,No,0xc752cb4ae4abec12a4b6640d7812d5f1ff16ce19f08105a76645138bab4887c3
BUY,0.005,122.87,1767028659,Yes,0x161516b2f1b97da22a1a1b4b589a28d9836b405ae1e70aadaa719f5dc516e7cd
SELL,0.003614365079365079,1764,1767020701,Yes,0x26dde34f14d9a7c71fbf8783211cdd5d7f3846fe7a611309502cfb1eb4d862f3
BUY,0.9939992147390498,1.006035,1767020425,No,0x73e89e33c11a67d517b024374cd8d29f064b3d3d0d6b81fd27ebe5f605f6e662
BUY,0.9929993406471191,1.007048,1767000393,No,0xba2209344480a392c9fe416e2a20e3c36b59ba4c63ad461a62a3d6e7bf3c0eb2
BUY,0.993,20,1766989825,No,0x1c26c6bcb70eb9a78593e2f5526e58a525bd62aeb51cee20c8136ff1ff4e9d9e
SELL,0.99,0.44,1766985733,No,0xd1e3667b5c91e01c324d59c123c6ee940b0835bc392b6f36a7689020c25d78e2
BUY,0.99,1.57,1766970133,No,0x39c1d484b2918821cd8d4780b20600e31a435a04655a6e8cfc9f61b4c14e031b
SELL,0.989,0.5,1766965241,No,0xc3cb8bd5eba8f0a2d07dce319057f243b74dabdff5258f856496c710c1966391
SELL,0.989,1,1766964731,No,0xf95383c6f946ed9210347cbf40d4042898a3da8ff927e2f15a347157c6b9c4a0
BUY,0.99,3.43,1766956901,No,0xc8d63924840ce57732bd210f44cc965bed87e95d1456b9a6499a2f63efa6f0f2
SELL,0.988,1.13,1766934639,No,0x17aa410727b330f08275f86889c7da9501422d6549dc232a4e92a6c0b1c7f1ad
SELL,0.989,2.03,1766929391,No,0xb0ef991f69b3c3c0018e27e2be3a92db65b1a97100b69927bafce6d522153270
BUY,0.990842524386764,1892.42,1766923669,No,0x8ffb4624341ba3b9bf3fedbe443f46baf7757f272a46eb549c2fb7dfa9b61c74
SELL,0.9847200392927309,10.18,1766921015,No,0xb4b32eaa74b7130880b9c68df5d3e8757b7529527b4e64054ffb3d8aec2ef9c5
BUY,0.99,1.1313,1766916737,No,0xeb995af28938cb7cb65fb1f097231e8babad3eae017df37e53d094c77ed05eda
BUY,0.99,300,1766916729,No,0xb83e081f9e7ca3fd1a203267e5e0155b4f1d7056940d6ed866d2316995deb751
BUY,0.99,20,1766914133,No,0x57eb2b2d4d9b03ceed9d1cb36b9e8f63a3c8c09e91c7c63ec2133cce04ebd375
BUY,0.989,2254.64,1766914115,No,0xd2bff6988768170e12d04eeaee4a07b122ad200198ced6202f9fd2d2a5436392
SELL,0.011,48.87,1766912501,Yes,0xafa199741b4b353c5de024e4b1b2926e4077f409d3a9520019c74e5b7146fe1f
SELL,0.011027504181378926,53.81,1766912493,Yes,0x81e5eb5db6958991124c73e4afbb6d81ff33b6c469e36dc5c8ff5fe623b72132
BUY,0.9815496393931327,283.439555,1766907295,No,0xa8360b9079749d062da95a3689814e6bd97d17c275c5cd4407e0791ff4f4a4ad
BUY,0.03580418276159374,48.876943,1766901907,Yes,0x1c58f28d24b59ca5d377bfd63d970f8c116d910598c17b73e2f573ac57eb3ae2
BUY,0.9839349765225412,50.663916,1766901901,No,0xec6d45be790e153904d729d0be81f6bd98144393f833157a648873b8838761db
BUY,0.035305759372095284,53.815554,1766901899,Yes,0x765774ebc3d88ffbb4eb27a6c91ceb04f5dfc450c0431a64db354907c9e6f68c
BUY,0.9829999873468359,1.027411,1766901897,No,0x8d0d8040cf3da05db0445e574d0454cb058aa3eabc93e4203a9138ef5a6ea41f
BUY,0.98226895,1600,1766901891,No,0xeeb31808d1067241ea7cd725392d0e43e193f95aab7af63d0a45fd798dac2ac4
SELL,0.021,2.04,1766900531,Yes,0x889861310238509c337d5edf99c22ef055c7f8244a7828fb4d2db03fcbea1159
BUY,0.9779999941318973,2.044954,1766899127,No,0x065e0ae848304a04af4d96ed183e471703d1cfdba7030cd307560f51e3e97f57
BUY,0.021,160,1766894953,Yes,0x0d4f702c5b262940d081a5fe241ecea13a3ca9478e9dd36f8c6d89c381b2c86c
BUY,0.982,200,1766884357,No,0x7ac3323048322528a52da54689ab29459eb946ffda2dc8f0afefea4e3ef166bb
BUY,0.979,160,1766879871,No,0x17577c32bc53a9758f8fa8de2d2b9a5adcff615ad29e7a81c3fa1bed31994d6f
BUY,0.975,100,1766874745,No,0x73becac84e44de22387d42c205ffdede68f522634d9aee756c9eedc0dbb9566b
BUY,0.02,14,1766873115,Yes,0xc2d54abe19b2ee67aba2de1d62c8fa6712dc991a3901a6b9381ec19c8c56914a
BUY,0.018,73.42,1766872441,Yes,0x99ef961419b88ec579f87a4e87e3826358d5945b953c8109c300ad57c5859716
BUY,0.983,200,1766870807,No,0x1d7c6c869a676afa4017733676febb2a8ec0ee632c21f3f88b4984ad72e73198
BUY,0.9829999950847149,1.017235,1766870231,No,0xe8ecb4c3d07f091bf89bb7e6184db6e7cb67b444f0e4b9a1221828c2955d2ea1
BUY,0.017996220710506425,1323,1766868233,Yes,0xe3eec2d14204be573ddefce48f2aa844570de4139ad49b9e29a019489eaf7781
BUY,0.017,310,1766867933,Yes,0x8876b65751bf1576676f885e51d870c88eeb0e82e8d50e0723ec287fc64c4d58
BUY,0.016,100,1766867231,Yes,0x31660d7e2737137990bfd0015953cf8b4a91baf677c10a22e5677c5a5179e382
BUY,0.016,200,1766866691,Yes,0x8bc002e5b317bf79ecef94c35a8f1a4c39f97b38cc7bf86fdc06f1688ce77c3b
BUY,0.016,65,1766863321,Yes,0x475775bb0a0f87a48aa66a53db93d1c8b8793aaa0afd10c13bed51662627c379
BUY,0.986,700,1766841427,No,0x5f164101b1ef343db86073bb45d7c4ed1936078240641565810d81ad11446f0e
SELL,0.015547926633933899,3820.84,1766824675,Yes,0xa33739d89892fc9ff8f4f40cee23c466bd50177a1eb1fa87a818c4255da0fea6
BUY,0.018000000035643563,561.11111,1766823647,Yes,0x03a4ef3d19b22bfe4f44d862506d1f2c5a126691e0309a2c3ee9d17509ab0749
SELL,0.982,60.66,1766817659,No,0xa12796254749c07843654c9689564394a18e8fa1495e39e90d27b930b57e870d
BUY,0.983,60.66,1766813565,No,0xa2e1c7f120182b100c8f3db4542b1dd8661dbba52ec14ab861682a6693e7c7f3
BUY,0.983,10,1766812457,No,0x13551812f6479b229d8a1d08c782a14877f32c9c92811ce3bf46f08086b95d35
BUY,0.9829999969199331,30.518818,1766801819,No,0x5e6ccd700c4bbb7c10dee07168d71af2d5420a21dcc4f0767c5395825be9aa6e
BUY,0.982999994691799,10.172938,1766801799,No,0xff63da0ce5916470ccd4b0b8bc0dfc28dee90b256d83026a2432afa5d5f4769a
BUY,0.982999994691799,10.172938,1766801787,No,0xeb6ebc9bde91376ca433e8c6d1bbe253e574b36ae0ded2ef56743a6abd6f212d
BUY,0.982,200,1766801757,No,0xb6dcd1e1a49e7c8ad07ab18d78186a88b9bd6e4a1ee9c979d69a6b8ecf234e0f
BUY,0.019,9.87,1766800569,Yes,0xdb8dbbdc58eb4c43bf3232dfa24bba33cea6a81faba6edd4290b4ea301980abd
SELL,0.014,2.87,1766790373,Yes,0x6f8dfc8d10d4f7b02d2ba3da73ab45a131e7db4dc9484f1f45f62c1101907ef0
BUY,0.015,2350,1766789993,Yes,0x3d702d8ca03f6f4929368cd224d321a1e165c8a2a8e4a2254eb867c24a7ea000
SELL,0.985,1.01,1766788733,No,0x6023cbdae104b2f740cfc5282371dd517b840e5ac4699f161892ed8ea22d3199
BUY,0.9839814746202297,5398,1766757431,No,0xcacac14de495dcc2e94267bcd8a6cf78fbab6bb411a1767f227fa28537d728af
BUY,0.985,2.0304,1766755869,No,0x0095e88a2ac857e2496d56da214c1bc0a813cb30800020f35bdbfa21223e481c
BUY,0.983,100,1766746995,No,0x2ab9131ff542e7e1b6681dc466f6b8411da6eeaff7b332ba54fa57b8cfa3fa45
BUY,0.982,200,1766740025,No,0xee58157befffd67473ad62231768acf38f73101a078f5ab621fad52163e2023f
SELL,0.965,2.01,1766739311,No,0x7e8f93e461a2218ddcbf0e7c7702348c06ed10686143ee873ae8208568465dc5
BUY,0.9819999057278205,1.018328,1766739081,No,0xb6ead0335ec8bf942596a269861b727b0747b40efc09f763e1e580f95618ccf0
BUY,0.9819999375447915,10.183298,1766732529,No,0x863cf3ef9d37c2389c56a108cc14247195d38d37bbf401920e129101d0663f9f
BUY,0.981,25,1766732501,No,0xa257c17bd6f04424fa0cf8652afd36f693a8256e97bdeb194b92a0b15203b9be
BUY,0.9819999821849545,23.014255,1766715869,No,0x26900a8c002caea707fc8011c8d9f7bc9a968536f5dce4bc94a0920b171e843c
BUY,0.98,40,1766709303,No,0x8a0329457e89538675315001a29cbe5cf13efe52be6a583a59d3f3cf0af17e12
BUY,0.982,200,1766703659,No,0x089e07c9a8090b12241aedfe8f82ec4bcb5893d473d4a5054803f8cec285c1f9
BUY,0.981,6.25,1766703567,No,0x2d16f12a778015b4e67f086c8629dacf822510921854226799ec3de8feb02662
BUY,0.981,19.43,1766703559,No,0xd8c7b84430c4f2b2bc913bde14549188d387654a0787305cfccf084a7f22b9d5
BUY,0.98,25.64,1766703551,No,0x1bc5c28b777162f740a0ed2ee0348745712655c3e1c545954898efcd45539c2d
BUY,0.13034410844629823,38.36,1766703495,Yes,0x2d7088bdc2a00a2862cd90b425044a44a2f91f93bae6450f9b695b8e07bcfb42
BUY,0.98,10,1766703091,No,0x8c090d8d60be78473ab4cc256af18c6cc0544c63ba78c1cb0f721309eee2de9a
BUY,0.98,10,1766702947,No,0xcdbb0a8b87f444dd3645f10e4bcdddce57413acabb9edacc21af86e2a5551b17
BUY,0.979,10,1766702507,No,0x7c22483027a8600eb775feb1f1b859978877c870bd37db93aba9459565d604fc
BUY,0.976,21,1766702457,No,0x20169183ed31bdff8d98899c63354b6613029ebee298c91c93297289f57c7255
BUY,0.975,10,1766702453,No,0xf8e479907551007aa6109650f0c16615c22d9c578b85bcef433d10d77c108732
SELL,0.024078125,240,1766700783,Yes,0x546c40b39516c42196838732f3a2f4320c92b2d79e83dc51fd4b4fda6995ef90
SELL,0.025,37.2,1766700667,Yes,0x9bb946a0f37f55f6dd255453bbcab35966c0cac830545ecca6139b0bfb9f36b3
SELL,0.025,39,1766700639,Yes,0x0d0ec6dec509b8f26c124a30a12ae4d02f62d488e55d520ae5be5441b8e0aed1
BUY,0.0611872623515713,8171.635399,1766699243,Yes,0x0d048629063e26b4b91896bfb6981d03340a51753257cb8074122ea4232fdc69
BUY,0.01619333297972492,370.522857,1766695283,Yes,0x22ef626c2d9abd583f3b383ca57e130ba65b6cd7b95bd9ac990d5f986d00eb9c
BUY,0.006,176,1766695195,Yes,0x49254209743d27f0d6b88b1a6744e12e8dca06418c8bffd96aa58319a28cd1ce
SELL,0.006,18.56,1766694747,Yes,0xc7f680b1a0aa0073e45b9b646f8635439bad9480ca5d0f179de174481330ea1c
BUY,0.99,95,1766694193,No,0xcf9e1476bcdc7bb66d4ecc24a08dc93783988943c9ffbf93589baff76fe674d8
BUY,0.988,9.44,1766693549,No,0x052a41206c9d348a403f19f52305716f929de9d6c641049a9bad106ef16d4414
BUY,0.9889650293646556,337.14,1766693545,No,0x0f0d8641ba944e394b8bab106f0fde56d03b91fdda99cd62ed32fb97f559fbfb
BUY,0.017651709488278215,566.517368,1766689659,Yes,0x93130cc2fce01dff4b557720af3d5d4de26248102a5a036095129102adc987e5
SELL,0.007076134304768513,1556.46,1766688535,Yes,0x3f69e996a4ac1c5f43d54d43e2ca29ca3b808eb3af86d7aee1b26f867d55b3df
BUY,0.99,10,1766672457,No,0x206772c29e585878e6532df3abe0a84f91e5045fb2c722d608411883fa19b857
BUY,0.018528275886027942,2698.578125,1766663729,Yes,0x54708d61a8d9b1502da7f26045f1f63adde82239b413d5be804d073786fe0c76
SELL,0.008,4.53,1766653679,Yes,0x14dda301ac67ba7dfbe24d8000fbb2c2f7d7f8bc40b98515729e23d82a34cdca
BUY,0.01892002689103422,105.708095,1766650391,Yes,0xd0ed73bd98b812ae49541484129fd4b2ecf58b097f88b7481597d97dc2f8ca65
BUY,0.9916186941499869,1189.57,1766645273,No,0xfb1b5a65c11813938ff30a5d51785fef532d1a8483e4efd7f005def5f95558e5
SELL,0.009,5.64,1766643861,Yes,0x5fe78ccac5bfe9cb010b344c0f1eaae752052269ef562c84fd842777a079bf02
BUY,0.991,1.009,1766643457,No,0x046b859be507c54970e2d7cfe65da114d676aa03d9377dcfd2a31fd15a66dfb3
BUY,0.991,1.009,1766641743,No,0x82ebe7df74e1987da9be6e833268144b5f9caced85f1e6007d64ac546f8bd3a2
SELL,0.009,30,1766630479,Yes,0x55e61017a9385c1844869cdabe41ba7c5e1ffc27a581ff5850b5fad5bdac8df9
BUY,0.99,30,1766628803,No,0x555601f6ac097cdb8f9d89a88f1f75c79097e199f33af8f01f13505dca0eba9a
BUY,0.99,9.44,1766625277,No,0x1d5f06aa5acdfe3802cf59ec75c170cb42953348e05cfdb81741801c441ca970
BUY,0.9889999996538485,20.222363,1766615569,No,0xf2b729d560ec442fc60d89768e083bde337f4cb61ddd32c1280b70be75b200a1
BUY,0.9889999999505499,40.444818,1766615435,No,0xcb555f2984ca9c457c70e5f6764854be6ce453ec5d1166308209aebbfc95c966
BUY,0.9900603339251848,11.110333,1766593485,No,0x27e1725b43c8790614814b17013ebb7874f5e29935e6b8bc256ade44e438addd
BUY,0.99,100,1766590655,No,0x9a84cdb5d7d67dd020f1cd27a8d72d29f8aa9d10378ead6d3113ec5ed98cee0c
BUY,0.99,10,1766577793,No,0xb3f3c97a65bf2f2da708e0555b6db16b77417faa30b85e059f5e55e74bb5f27c
BUY,0.99,1.0101,1766568959,No,0x49ec49de2c9f6c05466f215bbf3ced05bb74042b76d138ced963e9fadb2a804f
BUY,0.056689217274713065,1764.003876,1766537393,Yes,0x4cdbd26c1c6f50874994b38e54557d145c1b5c54e913d7a1fcbf6d7f10f70772
BUY,0.012576214216190278,79.515185,1766523825,Yes,0x98a8c0ce1bebac75dfe4a8d19a39f740858cd659f9c296c34f945ddeb6b341ed
BUY,0.9918311404528337,40.329375,1766520053,No,0x6d38ca3ccaf33ffe73db5067a035079787c7af810bd9bfb622a88d40feffd5b8
BUY,0.991,319.01,1766516039,No,0xdd872fd98780bd880c7e6be6646bd7d4604646a7f9d02b389c020e2f9390d23c
BUY,0.99,13.53,1766516027,No,0x99a98f8479ff9e90c7f01d29a9be20002e07fc357e367815e4c759d67997be2e
BUY,0.989,29.41,1766515993,No,0x9d26075b49afe813ca014a538e136534059277de10723cbc85f35e2d819d2de4
SELL,0.009,8.24,1766515613,Yes,0x69080b38a851646481d4e8e2925eb5c83b8f78fddac35d789080c8a8bde72dfe
BUY,0.989,8.24,1766512767,No,0x494d9c2b091fa5a6bd4fe9c30a04c4f8bbdefe0f77cb73c43922f2cf989ff360
SELL,0.945,2.02,1766479671,No,0x95f28df873fc066804c15e12dabf78acf91be3da30998bf3c0b78e984ceb1989
SELL,0.993,3.51,1766456365,No,0x46d2f19b4cf3d50f7456de82b0e475ea74d0fbc938b8a96162051718be0db48c
SELL,0.993,5,1766446827,No,0x5872c268cbea8520f1eedab074f9776b8dc79903e23824428772a8ef5d0f9deb
SELL,0.993,3.51,1766443281,No,0xf98c41f2986e4769480e35b34b9af7e3e11b57b7cc2db18fc61bd135941be371
SELL,0.007,26.09,1766443277,Yes,0xe56401e13ea076bcb324877e1f6d24509d6a3e79237c56b89171a62b5005ae0d
SELL,0.007,15.24,1766443237,Yes,0xdc0ebabec131f0159a85a5f87bbbbd7087f1725831b683d4e59f8df51fa5c355
SELL,0.99,26.49,1766443193,No,0x14e71db155199f95c057029939de995f0aae78039b51a7e846a750ec6a53dd8b
SELL,0.01,4,1766443191,Yes,0xb15441638a81cd8ce79028e5be0d1108772028115802d52025f1fee97f5e2694
SELL,0.94,147.02,1766438069,No,0x75eb3399708414d2d3bb7f83f06452a0c27380b046afbb8b9ac22a7db2a21156
BUY,0.03397609130145631,2354.596922,1766434323,Yes,0x6c865f74aa73a5448cbc15ab5330913e2bb284009da86e772ed5d9caa426abc6
BUY,0.99,13.22,1766423809,No,0x198f0793d8f6d3da86a979657ae6067391233885c50382c37ee475515770fe21
BUY,0.01,425.36,1766420517,Yes,0x9da3fe1188ba1006eea673aeb3c2077e659d9be0f0e3fdfe7f9106e4d918a80a
BUY,0.009,19.5,1766417057,Yes,0x4d4e683d82ca5689a0eff3a1900b8accc22076bc22306d261b0849f973f18596
SELL,0.991,1.03,1766412473,No,0x3e19cd5b2722f35b9171fc5f66023710574b9b39c351b89c2cc75eaf89917525
SELL,0.991,1,1766407465,No,0x7e5b1c82e3e0fd2ff567b78b7260353e0ebafe0267bff04c404464730d69d64c
SELL,0.9915219381156104,100.51,1766397737,No,0x2587c8e3c10f567287efc57ce5ad1410b91b2fddb9809d8c834363aed97c4805
BUY,0.9948601226066143,100.5166,1766396923,No,0xba22da84a888c370186d645a0d40f2b6441db22a6f7ef1cc467243db12c93107
SELL,0.991,25.35,1766396191,No,0x848e8d809d47709d89cc4d385d6528ff2cf61c880d5969f36356f989fbd1592d
BUY,0.995,1.005,1766395909,No,0xbe2690effe3baea9054b1a6541aa7c7f84b558013a4d22b1e17a468926220d00
SELL,0.991,5.07,1766395097,No,0x659bdd463960160d30bf82c3fedca3d86256619a76228b420e50031fe9fcebc4
SELL,0.01,40,1766371080,Yes,0x8ba5e20aaabed2e07ce6c927d068aacae54fadcbdd39ca37c69dca977b29d538
SELL,0.01,350,1766371028,Yes,0x74bea1246025cf4c427a6f820dd6ba08c34cbe48d0b36820b5ef3b7768b935bb
BUY,0.989,13.91,1766358676,No,0x92829e7c68449a01a802faba25af5219302ac33e0fc1fcec2a98e67e1c3bb53c
SELL,0.011,250,1766356744,Yes,0x5993480a0ba5fff630ba400109630e2b349d3a8751b9b7c59c8ef6efd6cc274f
BUY,0.012,400,1766347866,Yes,0x49005b6659914d8f32f53fe44c617dae9b64824a37852d318dc73e4513651991
SELL,0.011,60.6,1766342048,Yes,0x7522371eb5e01ddbf7d41547d49692ded52cc2ca66116435bbc76c075e6c26e2
BUY,0.989,9.01,1766341219,No,0xb983ec6d60611aea3d7784629ca7fb36611956a2c844359cf79299b39aed323c
SELL,0.011,129,1766341191,Yes,0x641b95934f8bf3e052cd92a6a0a67a8445a2150d86db0bcd02fb5032421d286d
BUY,0.9879091904761905,210,1766337949,No,0x1d485a95144ce55fee5592e43ed54c200b772aba1f1c508f266d50c921a3490f
BUY,0.987,180,1766337887,No,0x89077a2479b2a43c42ed66cc623f3c4d4d98bf0090787f5a79ddd2126d6cf6ab
BUY,0.987,23.65,1766329883,No,0x0dc98ccf6f6c66c1d21f6040ba5ce9984ebad90ddf9dac9bc5cc791bfcdc97f7
BUY,0.9845205092091007,923,1766309561,No,0x20e6e0449e94b5ef51d3f37cbae64d207bea9fb5a64aeae356c25e62abbc0576
BUY,0.9828493771234428,282.56,1766291451,No,0x4eb1833fc62a6619392a3d78fdc257e9c0cf7fea03905ac0ce8dfa1ebfd4ca10
BUY,0.9819999887069998,61.099795,1766277525,No,0xb77de56c82482314912def08690df2c71abe000f3aadb3ed1b55fca6d72529e7
SELL,0.963,36.29,1766268155,No,0x310ba23ad29e0192354360dbd8503e21427563129963efb01659f9db66b6e03e
BUY,0.98,73.09,1766244509,No,0x88afba943829ed8f32a0dbf409735e8062adf1f9835f36762dd7d0492a3e6b06
BUY,0.981,14.33,1766235032,No,0x0e04eddb24d5be176173c1db522eafa358cfc92f9375d377d2488a85fe4b9da8
BUY,0.9755447394472013,20.501315,1766232880,No,0xac882fd4fb81c538d2c6d08b5bdd3af77fa1a32feb117689135e15e0afeb37de
BUY,0.975,150,1766222498,No,0x52ade54b24336eb919f150d3a0aa06b24889affd7ed2cbe4ca389e599a8ce623
BUY,0.975,10,1766198840,No,0xeb235e5f5749a856065c8a590331b5f656d4af59e5d7433601f4b034df5b6a77
BUY,0.974999959023773,21.353845,1766193293,No,0x646941cab45491e945effea389df1bb74323bf71dfb1953d9c136160e0265570
BUY,0.975,97.43588,1766190453,No,0x0ce47481e0aad86bd375e5b8ccbf88f8ec51c5c86127b335d986deb547ef5c3a
BUY,0.974,54.17,1766190149,No,0xc2ab6ab9d674601dbb2bc783477eaa17c1e04d70252c6d27f63b79cf0d6425e3
BUY,0.9754278135264614,51.259541,1766173215,No,0xa8964bfbf42d77cc2c63029d04a0bcfd6ccc2bf705b2a1c4906792279a2a0b8f
SELL,0.9613225806451613,155,1766167109,No,0x9a785d0e5be97266e9ad4d06b6161bc3fe0cd543861c17c6301b68e2f2807bb5
BUY,0.034772629059965414,718.956279,1766125471,Yes,0x7547974d78a7e3facc98f33d5e09338313b7da9a094cadabb081f61ee6c3e806
BUY,0.982,1.61,1766096215,No,0xdf93f97711fab04ada623ab044bef8b1406714561c28413fef2796aa2ece52e8
BUY,0.0289999723629987,34.482757,1766089467,Yes,0x676d255979a5773142db090c884c770de96497a7acbdbcf3d3de3840523b99a5
SELL,0.018,67.12,1766073640,Yes,0x2b39020096f1799ec317c0eded835b8cedccd9a4623a8df1d44a13904a106375
BUY,0.982,5,1766055354,No,0xbad430a718dd4e03b74000cbf0f073a246a8cc65ed604655826fcbd55946d66a
BUY,0.981,6.3,1766053864,No,0xa9cfd461caeb1cc9739d719facb651b77c76510c44952675a8fc3dec29a95fd4
SELL,0.957,2.25,1766045013,No,0x7573d3bac12a3c323ee171a7058b07af07618e3a0975ed79fbca4547663be990
BUY,0.046,25,1766021342,Yes,0x71af820f584f8b9f159ff380926740f7d1ba15056778af16986acfc1df3e4c5d
BUY,0.045,30,1766016222,Yes,0x2c3d6571e43edfe9bdcbcf6ae70f1e74e4933dd0e2fed70e305cb4ddd31a1b4a
BUY,0.04499995747499766,22.222221,1766014599,Yes,0xf4c8248fa635d8591f4137be9cba598ed04d246bb201cf181cb619d2901ffb0b
SELL,0.955,14.9,1766006127,No,0xea78685f8a3e3b78c7774e4158f379d3f76cd7c3017c6aeebea229a223071401
SELL,0.955,1.06,1766004025,No,0x208751b2767b9c740749c9bd95f4c7ac7d4db46edfafdbbf73256bd8f3243d61
BUY,0.9859999984223795,5.070928,1765993220,No,0xb36bb567c49eb1fc3e7316f1f84cbe25578a7bb3c6d8a2816405a4b7e6063815
BUY,0.983,9.29,1765992630,No,0xb10fb2a6a53acafc4310ee3cd163c2bb20763b97850f4bcf1cfa56ad030abd02
SELL,0.946,9.29,1765983584,No,0xa516102836b8c59637de0b93edef838f109a2ac80dac4fb36e72642200ecf3c0
BUY,0.9859999983634821,2.444214,1765976306,No,0xb9fa0902feeb7f1bb5f95f2235d0095886d9195b18d02a23ae9ddc9c6a91b0b2
BUY,0.04,100,1765976280,Yes,0xb194d5a4d05891085ca448723e00056c09df57c1617863dcb3800cf0401b4e62
BUY,0.039,343.58,1765976274,Yes,0xd8ce5f2311510fd22ef97fb4785c94dbd79dc4b5f2992af31213c494c55349a4
BUY,0.9859999988982884,1.815357,1765976208,No,0x6e31b25b124ab04bda9ba6ae05cd34a355b20c183dc39da38c4c3654d820c28f
BUY,0.03899999631449998,256.410255,1765976194,Yes,0x73cfa0b49efca9b7051301277f898c4459f08dfacf91eb8eab4700ca04c81740
BUY,0.9809999963325766,1.090684,1765975882,No,0x4786170fc543893ad0d5b41c6999347df8a3cb21ce446c729c4bfebdee71133c
BUY,0.981,2.212,1765975880,No,0xccc1c4f40d81962e4b61d07f6cfeb2d6e70699245a7c9993108c0c68a7aa137f
BUY,0.019180513827457543,5213.624614,1765975842,Yes,0x6a5f7ab94ef868e9ff13bb32c3003668c000a40f50fba105c49cacf3593e9ed6
SELL,0.984,10,1765968786,No,0xe3838b17d194560a031848f69b809f3622b46e4755821b8f2355b6862e1b2d8d
SELL,0.983,10.47,1765952665,No,0x9a8af58a2eff463e08b02d4d684f6e89bb61e31c263380f9ccf73ce07de5b4b0
SELL,0.98303128,250,1765952075,No,0x0bd81e98a59dc8d30549cca76cfbdeefaa68a0b011917e33f0e46ed7dc16212e
BUY,0.9865020044978977,1022.7,1765939527,No,0x322b889273e8ee046d108ac2f435cbe90c09f16f736b1bdb1f5c5ff6c9d9be3c
SELL,0.982769392129144,219.29,1765933777,No,0x71499f38c83d6e44c009fbb4f955f1392c68ae9880054297e7a1e01262373c4d
BUY,0.017942369110417338,139.335,1765916085,Yes,0x86c2504c9d3125c806e506167f5821e8ce3e613b8f098ea83fa1373dc479c7e4
BUY,0.9859999996844795,25.354928,1765916073,No,0x8e804e80a4d86c7b6f7a4562afc9a8a02be498f21911b796f9caa095fc7a95c3
SELL,0.983,1.01,1765909263,No,0xab343ae825098180dee3900f8828417bb5947a981db0c5870bc20c047f8e6b1a
BUY,0.986,15.79,1765906057,No,0x93d9a0ac801b836b6c4ef677df51acdb3c018abbf434577763273ad2b38fa9e3
BUY,0.9859999992111953,10.141928,1765905797,No,0x768f999f9b743b951757ef209a77a23f1fc154c55c554294be0ab6dccb4957ef
BUY,0.9849799545466152,203.049785,1765898253,No,0x416b2a131fb2f3652190708ed03e8570fee2075fc990b1910ac410352b651298
BUY,0.982999998034,2.034588,1765896649,No,0x4e302fa193f79da97b76287108a36af121aa127d7aba74976014f3dba57e1a83
SELL,0.982,10.74,1765891305,No,0xec42ee7347ee7e4b5ccd93c4d812d8848aa8c748df4ccb1d3d7cfd6119805bb7
SELL,0.983,19,1765889697,No,0xce857401bea7520b3753b6716d6aeb6b6fd94f0b7613f6c2368765f6dcfa9bd2
SELL,0.9825998,50,1765879211,No,0x660d080d0dbb9d89e10191953badcd83c52294ef5caa948f6abce3a1461e9eed
SELL,0.984,1048.66,1765876995,No,0x0e7cfd194cc0c2a90de92181e08cec29961a69d9d5c7b98ae689e743514a8c9f
BUY,0.01489841145687841,67.12125,1765874427,Yes,0x6357b6a7cae1716655f61e62da41431c2d5eb69ee07b8e3e801325fb3b19c96e
BUY,0.98699999995065,121.580538,1765870057,No,0x9c24de8857bbfab682b4b9de48fedc0bd9e37fd9487d467926e28f935cb646ec
BUY,0.9869999891428047,1.013153,1765862901,No,0xc3ba316aebe435febb4d7b2ecbb5c67224dd76930ae78db0a216f6553d387ca9
BUY,0.9859997338752833,1.044623,1765858005,No,0x83fd31e28f433b83a9cfcd1a97516b363354a2080f9a94fe87d438924b849be0
BUY,0.9859996039561657,1.217037,1765857043,No,0x39f00cf312ccbc1cbd09c4be0e193a7e8f45f4443b38748d238a41d1adaa877f
BUY,0.9859999896420161,5.020282,1765856997,No,0x59c438f56c94aa0c928ea1665b3c53908d6699b9ec8b4bea66271004d68c672e
BUY,0.9859993998786367,1.643001,1765856989,No,0xdc4b102160d5abed29821ebd5716310ad3b923c93ea15fd02ca3d4b412af6841
BUY,0.9859999802404734,5.06085,1765856987,No,0x400f78ab1fe5be8292acf4534c9912c47431b80eaf119256af3bd645ef72cd49
BUY,0.985999938166096,13.164299,1765856987,No,0x7a811dc4989712d609b2caf1836730ae94286b2541321510b296623df82f2afd
BUY,0.9859993998786367,1.643001,1765856985,No,0x2f8f51753a2807fa17fee0d4b75d5e15c9850422c034b2fb1ce1074efd889a80
BUY,0.9859998922816128,8.225151,1765856985,No,0xac6dce5a9b0bd4a0ea62a57534532920d80de57120da7f7c6630d5d3a787773b
BUY,0.9859999802404734,5.06085,1765856985,No,0xfaaaf9f408401acbb2bc4e9a73e98eb254f1aa063861906e02afb195b22aafc0
BUY,0.9860000024048781,1.663286,1765856985,No,0xabc0815f798aeae09bc1daeecfa79be405e8efc14394be712ca121a92968cafe
BUY,0.9859998883179213,8.255577,1765856985,No,0x661b9e13e58d1739d2c91ae12e8b97ea6af1adca2d090f8d0a3f35b8fab0abc1
BUY,0.986,1.34,1765856981,No,0xb0fb4bdb01b1f5631880c0b6725138275b3986e72b5b1344ab5ba5aa7e8c5e9e
BUY,0.9840641513997219,165.39,1765856977,No,0x00eab09879673d615c6709549b672dc79ed10b4fa8dfdc8a279456d607fcb187
BUY,0.9825262100150729,20.152125,1765841691,No,0xfe8b55df6bd11d8606732277cde50c57ba24b5c7ae989d580f0ff97cc0346202
BUY,0.023,350,1765841361,Yes,0x14377a5de5116ed25bb9e10d7e1b0f48deacaeb377649dff6b7d1e9b84ca88ef
SELL,0.977,10,1765835987,No,0xd4a0d153981ce06305a93cc7b6069a306a11cdd1a8655ec4bf7f1e396a61d696
BUY,0.9783279598991946,25.553801,1765835725,No,0xff4229a81b164e22a93ee1eb6f3d858b4212442202d4eb7743fa7facb81f37bf
SELL,0.022,5.69,1765825009,Yes,0xd17af1c96240e4477ac90cc5692fb31e6a91c676bd5a3633aa54b5fc61792b70
SELL,0.022,7.11,1765824201,Yes,0xcfcd6a59070c67b545fd434a69e198eab1946ba46532da008db11e4d99f9d6ce
SELL,0.022,8.89,1765823377,Yes,0x5021c8c5ee3432544740202e73481fd2f1cb06f6f93a404a6a4a6862f534858f
SELL,0.022,11,1765822431,Yes,0xfc6af0326ff26b19c04da63e435215a422996b151e81e08d6f0111a1e35d0f8f
SELL,0.977,60,1765822359,No,0x5c2026a3ef41dcd7694124c99d2050e6191cfcdba8c74142184844a2eb0b81df
BUY,0.9779998838135673,5.112473,1765816147,No,0x64df591a8905ffaa31b76f03fb3d66fe76052a0953919f59b94800041a94e0e2
SELL,0.975,5.08,1765816141,No,0x1ca1afb1a42d2673a6514f6472d21ad1843ee3b23d4213d3b7e11757df3d1789
BUY,0.977999983765197,10.224947,1765815589,No,0xafab87692ccb588adc325f113d354a6ee8a8cedc4e9d57bb03c22c36cfb019d3
BUY,0.0253848409582175,118.180768,1765815449,Yes,0x0e650fdaca61d29250369ee35ac2bb139199afb4f27dba4f61605613c11ee52f
BUY,0.9779998565597819,1.226992,1765815167,No,0xb2b50d18387ba8e308f7c0e78fc8b04cd38c7c40d0a328acd9092ad2d00aa31f
BUY,0.977999849387722,1.022493,1765815111,No,0x77ee70e4b37b4e25bbb6e937097a1775fc80fb248332547287d65d3a7d14e552
BUY,0.9779999923758055,15.214722,1765815109,No,0xcf42bd0b482b6b95d201acd03020f15ca4316d825d9d8fe6073b5df14873b140
BUY,0.9779999437671627,11.523516,1765815091,No,0x860d4fd8c8355abed0278fe40f33a308e7d7476baab7e941fb7b1e0f50fce477
BUY,0.9779999990357494,56.002043,1765815087,No,0x223ef4e889a362a1e7d66285c7290c13af9931b7adc2ef387bd6fdabd4c86f16
BUY,0.9759326223740007,18.710306,1765815085,No,0x61fdd8ef2ad7a248179f2006273ef3caa349c38dccae30d056bf61575039bbae
BUY,0.9778289927585884,149.351266,1765815085,No,0xcd876a62b86c7e20a879747455ff4ec8a10faf680bba132c86ff33075e16296c
BUY,0.9729999982309001,5.087333,1765815081,No,0x96ad12a530f6fd8ef6dc14972fa096b50246a8098d4471a7c93a5558d650a032
BUY,0.976,18.92,1765815079,No,0x331d263a5189918157cc5f586dea66181fa4c8bf9c322ab4547f1353d62aed81
BUY,0.9727570176115182,1944.75,1765815075,No,0x5c374b316178f376a40e72174b3b98b53e3c7c3cf747214605de2a08802aa9dd
BUY,0.968,32,1765813329,No,0xd29625a2e0ae5db5fec6becda1cca21c73d523115123871757a56cbfc1fa92f1
BUY,0.9679997986556392,1.033056,1765813203,No,0x0b01441d44bb91ba03f319bd1bf7e5abe7c42a660e2efee8844238b33bb9e81e
BUY,0.9679998482175631,5.165288,1765812179,No,0x51a9107ce1e6a3a61a2e820d50acc7e3fc7810f9670e9340234a7aba5d347dd7
BUY,0.968,30,1765806351,No,0x406cd4bfc2afe2140c9705d28bd380d5dcd0e7a3e9694d779346d75caf4e7a3e
BUY,0.9679998502826399,6.198346,1765803561,No,0x6dc68db42feffd1a3fb93df8a9ff5909a19c124901f517603c982f468192f1f6
BUY,0.962,5.1975,1765794753,No,0xeaff929ed769c169056f9be66061e852d50a6e3863ed955f6daaf15109a2444c
BUY,0.962,10.395,1765794249,No,0x673476a46b2207658bb24235d77dab3b40163df4a62a8d462bcf09d95d7323c8
BUY,0.962,5.1975,1765793837,No,0x548f5bfaaff2538f4d989d65eddf95dd5d3c58dc42e5a56682c65b080ac56ada
BUY,0.966,14.82,1765766697,No,0xcbde3f9cc04c400e68089a259fcbab09233520dad52e58f3937dd47e7e87294e
BUY,0.055277472737952346,18.090534,1765754731,Yes,0x1f74718ee5415826069758aff21ae78f2fd98b496e2e6fd0c5ee7ba81ebfdd17
BUY,0.041791044390643795,2392.857141,1765743713,Yes,0x75cb9a3919bbcfda9aba543001fed2ef5877cb9548f718062a2b86c42928c0f1
BUY,0.036607933333333335,1050,1765743333,Yes,0x9a3a71e8a6c3c18a351c9c7be3ac31d975108365693b1fcca47e0093074f91b9
BUY,0.9759999609599938,10.2459,1765737975,No,0x7b547e4f539c1093d6084bc47f2eac1a73f08ae8821812abdb268443a46bb653
BUY,0.032,300,1765735049,Yes,0x78341e7155efe6e6ce63cea6ce472c753b7f3c0d96e270eacaff47bc84e6b680
BUY,0.976,117.49,1765709839,No,0x6602ee2dc8bf1ed6b21d49638f9ac3c0002baa446e182a8bcd9c3f4006fe8e8a
BUY,0.03462316151012381,144.412,1765703649,Yes,0xdf7ecc8f84ad2e03da7b416da1bc812ab4d4664b3b3f72fd0f48125ca7a8f546
BUY,0.031840330837372734,314.067057,1765679655,Yes,0x216c60b05e241195c262338e0ee3bcfe57d087a02571d25c0637d955d755d7e2
BUY,0.9769994333391954,1.02354,1765679085,No,0x917beee6403013670e2aa205c762cf0ab3d9fae859d06e26faaab4ccfaf82532
BUY,0.977,2.22,1765670043,No,0x95258f3c309c8eea20e0f9b6d8f7f8ed923ab7139c84dd827b65a689d2f82b6c
BUY,0.978,30,1765643643,No,0xbbebc702e5dcf1ccae782a25b6d1655b2059f71caf35c0e1ccafbdfb09912de3
BUY,0.978,322.41,1765643357,No,0x763f5b6390f52eb850943aef6a3d943e31d23671b7dfed3b28f66182f2fb1d91
SELL,0.964,5,1765639587,No,0xb309ba67d052b2a9807de5e0f7708331bb149a03e51d6f83a5474276049a0176
BUY,0.9758116555631654,642.44,1765637815,No,0xd6e07b0f924bae1d9286ce51b6f5aecbeb3b9fc3ac1626f82442e6df228787cf
BUY,0.9739999985389974,4.106769,1765620823,No,0x9bf042d022f9cf9c9d44a28100a0bb187ec3bb6397cc2a7d6bb2cf31e3ece534
BUY,0.974,60,1765619661,No,0x8015a4e85ae33717c613201c672c6ef22db3a68a669f12f9bafd2ad921a95f56
BUY,0.955,39.9,1765618953,No,0x524601f32cc38c83dab23f5f9322062c0aebc94744def09887607dfb8e704ee6
BUY,0.9549999173924906,10.471203,1765614164,No,0x0439cc03b4a1576ee7b72a20190c953d5f5bfb82d24a1b5f295efd711588b268
BUY,0.9549998175949619,5.235601,1765612222,No,0xa338bc36e6122a6d753b9a0d85ef8b831526bbf7d776d79e24eb328c37d3f6d5
BUY,0.04709019531021447,42.471665,1765605782,Yes,0xd9ecd93369193352b07033456805bb0c62fc64726f49fc1a5b29af14a83bb479
BUY,0.023,7.84,1765588164,Yes,0xa2d147397a6532aeaa1b564425469f29464f0b276fb6a0ecfd1b488796afbadc
BUY,0.977999998836866,10.316954,1765586726,No,0x98a21a64ce981046cebd5ae67c6079ae19b74dc7be9bd1a3c1c12231c78aa6b8
SELL,0.951,10.19,1765586344,No,0xb5c8c88dd692bce7afc5b41f6def37a637115e0793360f879570a352a5dfd94e
BUY,0.9839993243193378,1.219511,1765585494,No,0x75441bd6136e2a0e09dd72909dcb828bedbad3b90e711f1d2eaeedb59f33fdcc
BUY,0.9849999592055617,6.741115,1765585466,No,0x2babb1bab3641ebd653f3791345fee3edd46cd33a1562fcee0e6b0d2b569b678
BUY,0.9869999946406464,2.239076,1765585464,No,0x670985359dad2517664d125575720aa69ef88bdad8999aadc39361d038f813a2
BUY,0.9828791013945485,11.262785,1765585464,No,0x2f7207dd65517af19e9b04a21590c239d613bd01c3cb125900a83e067a2841d9
BUY,0.9869242191160167,11.216615,1765585464,No,0x1a3368ee72067c1c0f3a3aa7f8499eb1ed91235f10689c1526c729ae9f7df8ad
BUY,0.9809999960049521,2.252789,1765585464,No,0x3de5ecc9dfc89b0bf399210c3f46f56ba579fc76e711f0f26ff4a8a850dc2b56
BUY,0.9809999957059898,3.027473,1765585464,No,0x3afbd986b4c9216820cd55d03f5abda3d979e071b81250a47bfaecd31f5391ed
BUY,0.9809999982341824,5.096789,1765585464,No,0xf3738e7c073847c7fc7bddc99894f343b109f8386ac5a0e7aee6dbd7d7bb2ab8
BUY,0.9809999998039954,10.203842,1765585460,No,0xf48e16f37493ff36fa8699c17814d64379bc7c620cd4c8a97c78cc2ba9978630
BUY,0.05091759743067522,9819.78774,1765585456,Yes,0xd6ea5b5b9441a664dec2cd86d70b250b077e1e11c4dee203b89249f0c11a21e3
BUY,0.02596,250,1765579764,Yes,0xd60844a692b48d1d97e18a27015b837b4c6cfd8f9f5c17a90d085263922c92dd
SELL,0.9752682142857143,28,1765562466,No,0xc7ed46868147c0e3a2b28b78d6f64825aac06e2a991d4e614e9c750556d170ec
BUY,0.9859999984032238,7.515142,1765561222,No,0x273d34bac976f98fcf53a3900ad164a2b9cd9eae0bc279c3090049d23d4d1d0b
SELL,0.9778595,100,1765556424,No,0x9e7ec76f8cc761ee227df7afbb2b14bd842f3b76992df2add819afcf9c944cce
BUY,0.987,504.05,1765552378,No,0x41dc0ff56b7c4069605fd71919eee0a997924dc512ef00e5bac593e48232e075
BUY,0.987,18.93,1765552248,No,0xd68f788789160cfb8aa031d2fec5367e890a4d93961947148478ea76e59ccf14
BUY,0.9859999994705994,7.555714,1765550720,No,0x61b254c80e6a87460696139228c5c3f7dfaa751b27996ba63f712024393d87ce
BUY,0.987,97.75,1765543556,No,0x54af4b212c5f5f333f3acb082669ad40c016ae37ffc47ba51d7aab46e3f9462e
BUY,0.9869999996051992,20.263384,1765543392,No,0x5b564a6ec9c09e63c753095ae285178d6f204e4ef3fbd8968ab46a22a25fdcd6
BUY,0.985,100,1765542370,No,0x6421ca04d7c1b38ceed526db6fe9125b4160a7b315ca96991f487329fc834705
SELL,0.97,14.01,1765530454,No,0xf2a8114bd897c9895ef00701f1d9f4b60564cbb1952887b1e4a5a2f403784c63
BUY,0.9819999116198607,1.221994,1765520206,No,0xfbd934ff8dff0494b8c05caf6a395544839fa31c6b47182f5dc66db01e14a34f
BUY,0.9819999809863286,8.940935,1765520182,No,0x793e3837783d6666c4793fb02310c2dc151e963f6939a15867039b6213de9b99
BUY,0.9819999518390669,14.908349,1765520182,No,0x0281baa3d3dfcb332cf8725bc3f1d1950db4404579ad0148d8cab5c9f85c22c3
BUY,0.9819999518390669,14.908349,1765520180,No,0xe2738515eec2a552dadfcbca7fd95a8350c0a3ec152062fbed0c7dfba23d6651
BUY,0.9819999518390669,14.908349,1765520180,No,0xaa56ca7528bf6f2cfe6052f4b773a329b0369f97930bbd49c4d2bcefa64ea4d8
BUY,0.9809999666393726,3.027521,1765520180,No,0x5cbcae671f7b09e506657fe7270fb7dd1278d0b09031f2cdf750e442bb50f728
BUY,0.9819998961023292,2.983705,1765520180,No,0xef95b324bf3a4ab8be976ca6ac5968e3f7c8f0459caebaf3c9e070e28d3f569c
BUY,0.9819998961023292,2.983705,1765520178,No,0x93e11748591274200927a8301301aaea6639d942e9c3459a52bafa51addb8811
BUY,0.981,6.57,1765520178,No,0x74b0376f16d4670fab8d16550a5a2f7a7c71e426530537cab51a897e5d25343f
BUY,0.9809999364995629,4.913352,1765520178,No,0x2f84ade49f52b7f5c169b259836ada862be5f3d93f7a38c76b1a812a05603186
BUY,0.980999941514818,15.474005,1765520176,No,0xda881e3c2ba3c886c4208f0824a3cd38ec7112b9dea567b352e24ca81b9f0987
BUY,0.058360480534566196,2570.232418,1765520172,Yes,0x2e35aebbdf4beeeb2bbf66f0d3a51c6c057b1cc994d4ff38a9c817044853de1b
BUY,0.98,12.7,1765516192,No,0xbdbf934ca4fb7c5bcbeafa2b26854c9a04f2458552f6bbea7552ffc34af9c9c8
BUY,0.98,1.1122,1765515996,No,0x5700d694c29afcff2ccc111724ff598925509bb7f6f0521fa8218f47d197a05b
BUY,0.9809999918247889,1.22321,1765515970,No,0xa4264183448252541e7508ee572a489b7c5eba7dd13bda6ebd0152a09c441dfe
BUY,0.980999992568058,2.018315,1765515950,No,0x8b6a83c83a33b73b37d9394aeefe7d566bd3bca77633bb317c9298caba5dc47b
BUY,0.9809999983489386,7.268052,1765515946,No,0x09a0abee067c23ece5e64b078e9a137bd13ff04adb5166713af6d47df5eeb86a
BUY,0.9809999990090876,12.110052,1765515946,No,0x3eff416b667acae93c4bc91217add3aff3aad73a1cde996df62becab313cb553
BUY,0.9809999957059898,3.027473,1765515944,No,0x984dcbbbfb981b5badafe805d9f426fd1b5fa84d3a7b86cc9e892b71f3b4e4c7
BUY,0.9809999989249288,7.441368,1765515944,No,0x6dd7df4b03c087cdb71228cf6ae3f6d83cc4e6bf06374a5bd10027ab19729835
BUY,0.9809999969470714,4.913315,1765515944,No,0x6db6e37b8e784e285a0ab6fa296eb707cc9da643db7920a5155a134bbf687afa
BUY,0.9809999950536922,2.426052,1765515944,No,0x8b42cf8fffe824ec59f830fd811c3f9f88fb11a7e19c47e33b6601758f36f972
BUY,0.9809702734529212,12.110421,1765515944,No,0x0f6eb80cb43826afab81ce9d196b21ceaf825aa830c3f14973414f6bde113e89
BUY,0.98,2.0204,1765515942,No,0x32d3aac5adff1647b0efb762c937153dbaf40abbbe441a8371a77cd2de9dd533
BUY,0.98,2.42855,1765515942,No,0x5c9652d483a475a01b690e1585d54e875c4272085897bb2f17643c849f1172fe
BUY,0.98,12.5612,1765515940,No,0xb195881194e0c0dedfdf9e72444ef7f4db24850d8317b9aa37dab4931592d4f0
BUY,0.969,254.14,1765515934,No,0xe30ea06affd4693d6c00bc88841620da799caa4b00693a41589dd9900662dc3a
BUY,0.983,100,1765443465,No,0x79564670b939d833b5edd07c8961d6d87a9e65d31da4d36b0ed9987897e0daba
BUY,0.982,47.02,1765442993,No,0xe17dd7023f2d4428efc08096f27edd834b9ec138df30537ccf1fe6bfe300178e
BUY,0.06799994798595907,16.764704,1765379100,Yes,0xb6a1d4731261e9e4a4e7ec76d8b00086b635f3e355aa306d7df9d5c60f5a114c
BUY,0.06799519214694906,1470.692204,1765337623,Yes,0x685bf3c1a32334026bdb7d0dc2d2fff50f346da85631c96f87f0a1146f73420c
BUY,0.9846926086956522,23,1765333714,No,0x8099e69f86422ea795fa66c693c1836b5f10c1bdf27399475cec7ccfbddcc8d7
SELL,0.932,27.32,1765313438,No,0xfde966046a9e7c51c2df242fe07182e5d45e9c4b87b583dd9f9d1a066617f124
SELL,0.026,14.28,1765310422,Yes,0xc915b931b739d83d5db7bd693fdabab4de070cccd0dadbc46e5f8e1ded773beb
BUY,0.06424813325761991,1556.46544,1765309970,Yes,0x7255b48afcc10ba284ed03faa6926c9fe42332b4a173b380a5e5166931dc7dad
BUY,0.97425,20,1765295018,No,0xec1198865d0b1d74cce1fe20f2748b123025e3e845b5e297dcfa3c8feeeda14b
SELL,0.9435460502366217,27.47,1765293024,No,0x07544c3c350980cbeaebc183f2574ff8b2c76570351619adb83a1318841d3939
BUY,0.9809999735129742,2.038734,1765284968,No,0xdb6ade3f8c65535d373ad38b8dfddbabace7f5cf87a84c9e6be0676864e9aee1
SELL,0.934,5,1765263031,No,0x8e15ee2dd4445cec267e7f41aa2c03f33b1785022e6aa80e626c305f83bf92dd
SELL,0.9346047409040794,18.14,1765255423,No,0x26e219c3165e9a4f6338b5fa2d1211755d4fdc215751e8d4a5dd5699ca3fe0a9
BUY,0.97,222,1765209301,No,0x1416608f32c0deb1d19ef0559480df2f7af8a606084b94918b243b91b46126af
BUY,0.9677059733030975,388.06,1765209289,No,0x9d888a869547cf6b6a1a6a3a2196c5aae919226ecac8f1825ec4f59313e28748
SELL,0.948,5,1765189317,No,0xde7cd19bc63acb62605de80fb795fa50f01a395e4ef4092b02c5bb359d0fdf33
SELL,0.051,2.5,1765182855,Yes,0x1b4d92fd2692fbe248d308c882211e800bfc7e1f8e58a1c315ef77b20fef33f9
BUY,0.948,5,1765174363,No,0xf675011d44ba95eed039f4f7a7758d98c65a036cd4df25c143d88837737001a9
SELL,0.9365732514177694,21.16,1765160221,No,0x96c3803bb2af3c72024c79af8df5203e4b904f232fdd3fe649378ef23a3df801
BUY,0.9449999823993744,42.328041,1765126935,No,0x7ba8e57fd1b1edfdb6aa5d65ece27904d8c8ffdca5710d07a424382b28ffcf89
BUY,0.945,5.29,1765124329,No,0x3e18b4e61e2d18cd84fc73d74fbb8518d7c7ac8b37c15134a77b1b04c5b7d292
BUY,0.945,5.29,1765124327,No,0x8b2015b093cc523fea66f4be4aed5283926bc43fd02f253b1a3908d9985247da
BUY,0.945,48,1765124257,No,0xacb638adb913855df94a2da3f467a8f9be136aa8a0aed3522d447bbb73274508
BUY,0.945,6.05,1765124249,No,0xf88f40ad109d3b59a3cad73596b33052452c9eb881efcf373d650a8845c2263f
BUY,0.945,6.05,1765124249,No,0x8e10994238538184e6538ea596295b51aacd3880fdc73b10ac4233612f2c038c
BUY,0.945,130,1765124239,No,0xa15ce5c27bfd85223ec00a7e58f521c25d44fe770fe81a767318babfd4d9298c
BUY,0.945,5.29,1765124237,No,0xf0f7c8a68f133651ac1f10f8306ca9934eac5a68a382c483aff52db0d4ee7b41
BUY,0.945,5.29,1765124237,No,0x2386536179e2f270d682b6d15cd69df0927fcf7ff930d74ee0a0c706afb23d35
BUY,0.943,59.9,1765124223,No,0xe2ffbf0f107d47d8b8e5dbbc59be78ff8c2d79a025969b754801415056cc8da1
BUY,0.942,12.87,1765124217,No,0x1cd9d46c1fb22bf7c59b3442ff456abdb9d287e80d402bdde28d0f23957a8ddf
BUY,0.06599993901599537,15.151514,1765110659,Yes,0x34bae472d2ed39881804739c4fc9adf89d9b52dd91d82c219ccc04622953c2b0
SELL,0.935,50,1765110425,No,0x683d20f2a02e5a891089574979be0db8d86775e561d21f3f8857e8bed02b0aad
SELL,0.933,21.92,1765053569,No,0xe86d196631abd4f1203f9eac6986083ca8c01e59a4cef1f7f0013f056f24ac50
SELL,0.9312125700560449,99.92,1765024961,No,0x9f3876d4310992cd6470cea74ada899484fda5f9938d063e3c3c5c2f8175efc4
BUY,0.9419991145190614,1.06157,1765009463,No,0x2d0fae851cc2f061a2115973cd1d88a6556be4026c2661c9e55a4d570284a1f2
BUY,0.9419991145190614,1.06157,1765000249,No,0x0ce50a48c7e1712609a47f3ab0fcb13febaed155c16494d0d0c500331ff72899
BUY,0.9419999227559909,10.61571,1764972103,No,0xc7448f8fa1a277f914098c8c827df1976e9801334be4d43667938dd217f47c0b
SELL,0.057,10.1,1764952057,Yes,0x607b7b72b2120a61706d510bc700f6ddefbd1f6458994e2753a30729388c287a
BUY,0.06741174106504547,232.8971,1764952049,Yes,0x1fc3e357297f6657517ea1acd7b0720afa5072a7ddaeb41ecfaf90d519967ce3
BUY,0.94244314,1000,1764898123,No,0xaff984bee14ca340162382c1e3f235df83fce920886a8621a65d599c2a952d5a
BUY,0.06999993629999426,14.285713,1764890213,Yes,0x745dde6da22bc7666ceed21a4524301b92cf7ec90c739ef26d49e13c370ed5ab
BUY,0.07,50,1764871263,Yes,0x355d8758e298bc4bcd45c61d0b42ae3867cb03b76546aadb3059ca2c75ea0d13
BUY,0.9299755276491607,870.37,1764841919,No,0x43ac4693d0935caacc03af463ac0b617a2c2a3cdf6154ccc8a7a79c088bedfde
BUY,0.9299203296703297,91,1764840715,No,0x5f70150f386496b64c27548b4d6af1a4fc381bfe7c982d8ad123236e88b482ca
BUY,0.926,8.92,1764840339,No,0x0b24bedd77fc878bfff34853276aa0f183e2aa8adf3535ee974d58ea51882193
BUY,0.926,5,1764834915,No,0x374f97460ac53d5100596cfa8a9ba794bac7b27fe1f1f96690499cd5b1b0449d
BUY,0.9259995258872945,1.079912,1764814167,No,0x1c7a553cc61d6d9561b7bc357e058b85f9de8b9bfa0cd7110b48f5cae0d26508
BUY,0.0814940436399061,61.354165,1764811929,Yes,0x7ef89c934cb38e666e3dacf4c263a47fd3d30f7184c800cb47f8bb5bc74084bc
BUY,0.9299836122175066,1084.9546,1764794523,No,0x09665e7a762a0887d4ddd3a2dbfdcf7a2e941e36209b717e11c036f537d426d2
BUY,0.9377054423736518,241.99,1764767131,No,0x7667fb670f4ceb03e0937625dc338dacfca0361a6d4e12bd4e42838b8f861b76
SELL,0.063,1.48,1764752973,Yes,0x8749685f04604791b002d2510bd4b56d7b544dab0603ebb33e2568a72cdb9edc
BUY,0.9244276729559748,50.88,1764750861,No,0x9a54527642569dc8c1d846668ada548c613f21dc4fbc2cf8a6df9202c650c676
SELL,0.079,10.52,1764739047,Yes,0x0629bb2454d52b06ec50402b08f4470298eac22eb7372ed4c42230c05339ba30
SELL,0.079,4.48,1764726775,Yes,0x6ad2fbb899ef620ae6b10515016707edf305613919de8a2014f437e2e33f2f5a
BUY,0.08576995913399535,209.863677,1764703037,Yes,0x8eeb65a8643b0d7b042d6063645a8fb44473325237f610888f8d38d834cecb71
SELL,0.923,10.96,1764691604,No,0x574e52da38ec766b48d88825a90e05d61cacf20644147511dbe14fd2564e56f5
SELL,0.916,10.96,1764681162,No,0x5d646c47c639f0cbf11b133a757d8ff0c5a352fe96e09fa3a5fd31d8e83474b3
BUY,0.9369997582535788,1.067234,1764678576,No,0x9c2d27ebac501017a842a5bd371dd3a0c567ece39cd8082ab04afe82b2477647
SELL,0.913,21,1764665560,No,0xbe26caa34aa0ecf76e43abaace1f4daf0d3ab2c34cbbef56f8fc6c57b75df642
SELL,0.913,10.96,1764651574,No,0x429f078b6a4534b6d0cc9ede19174dae8081d82981606e80d0ee3c8726ced190
BUY,0.9264887736777265,372.373641,1764639062,No,0xc8cb2e835371eea5094b70dcb72d472bf2a08427af6b023350959e91665b058f
BUY,0.91199999974464,219.298238,1764618252,No,0x8a07cda9f2b6e86c920246e96c5a1b4c698777be8b39e46e7f1a82771a7712d9
BUY,0.9119999965951989,16.447363,1764617418,No,0xb200875b1f27603aa7473342e99df859bd9dd04cca5808a57b52fd012bfc7998
BUY,0.9119999992939355,101.973681,1764617290,No,0xbff5dbd69521c061b87504632cef4f9d7cf1972fe2b213d54ad2ed9b9208f57f
BUY,0.9119999896997454,4.660079,1764588074,No,0x47eaae282fcc5374d72fcb1c166a6ddab1e9ce7bd258664a8ae29650d24faf72
BUY,0.912,20,1764580494,No,0x4867893de3c93dd0632eb4e46d54e7bc90405ac947f7a18d042226c694d85812
BUY,0.911,8,1764579160,No,0x90164cb8a0c6aac2e9bd26291be56d09cdeb91f081927a010173269eb65c990a
BUY,0.09,12,1764575354,Yes,0xf901b74c069e1c031b42b3d0325d0237fd845813fdb1295e81d17b3a54565775
SELL,0.91,2,1764559596,No,0x10a6b4e505e3f35b8cc700b81be07ce81ef8bdc4d4cb7ecd724fc5876d5a8395
BUY,0.9119999992703998,10.964909,1764530380,No,0xf169ed0c52bbd67309157cedf264314bfc89458b22dc5f5bea2082a7c62d8675
BUY,0.912,2,1764525648,No,0x77ea1f83766fe176b1b95953585cb7396097e06e6c69138999a830d400598204
BUY,0.08957889991984472,11.163332,1764525642,Yes,0xe53f755c37d93c627d0b4e12c6bcb98bb42eb4d01f1e2c03dffc69cb9c717f70
BUY,0.089,12,1764525390,Yes,0x0c005ff9be64788806d2690e3a3b9cf909dbb6b7d2670a7e6d4e044a6794293c
BUY,0.9119999992703998,10.964909,1764517172,No,0x0d6e6587aa2d19d0b0750eff7c183f4833db22e77eae52d636b0d395badbdf4c
BUY,0.91,50,1764512940,No,0xbbb2e2b7ba53bfc39f2e924eaa0b361931d252a90253f2879c8f5a79e4e75267
BUY,0.129,8,1764506108,Yes,0x05d4d145f47c010440fcb3baf7b829f31f15fd2b519b782be255136a37c11e4d
SELL,0.08896281818181818,110,1764491289,Yes,0x92e2d3af0048f9579212c2543366c9010c2c793d11ac385b99b914b9bb9199ae
SELL,0.09,5.69,1764468573,Yes,0x959ea78ca43c8d7ddc2a51e0730891c0abe21f9286c2852e61c859b302b0122a
SELL,0.8666744347481158,201.68,1764468565,No,0xacaa47252edbf7c7d362fb0c78abe1b545e3b6a99a89b7770183f037e93d3385
SELL,0.8839254118082547,54.03,1764459534,No,0x3cb17f3697cb4376c621249c3b496cacb03694cde8e338eadd6c9cf988c869ad
BUY,0.9109999681147142,1.097685,1764443819,No,0x6d1713051cdd23a4c50050fb21d3df1bd44109ecd22bc64da2208cb58149becd
BUY,0.12843455206286003,7.786059,1764424661,Yes,0xaa026d9f6a39dc403e3039c190d583e5eda15e7e2ac8e7a5965b7faf7f12ddc2
SELL,0.088,10,1764381741,Yes,0x2b82a4fe0e56b4c3aac40167708729b3e63b53d4897ef30605c8b31b40af6dc8
BUY,0.9101949741139318,1098.665693,1764355543,No,0x8276c0011e98d8b86674bdf5474f76561cb76e6c20dca3349db24fd81f6b23cd
BUY,0.9099999992719998,27.472522,1764341703,No,0x28c730fdf46a9802082dd0d2da401c4a705b9b515df8e3ce7a5849f652498019
SELL,0.09,8.33,1764341549,Yes,0x2687a43b37639a88421b2044d7619e6bf92224375c255c9dfe0a7869c64fccf4
BUY,0.91,109.8901,1764300661,No,0x8e333e74200c6d6e7a4b04e363bddd525f330cd94bf7c5707914e6cad19ec3c6
BUY,0.909,88,1764289809,No,0xeee4b2b12825eb22dfdabb8f472286703e43bc2aaff92eef441dd5b4af6384b0
BUY,0.9089999925461986,11.001098,1764284953,No,0x913ea9e8e0348cd4e213827a54add0faff3e643cb5e0bf07deca9bb4d78b1235
BUY,0.90839375,160,1764244459,No,0x12f82890aef3613abb359c1c6127d4d1e3af6eecd1a065447d82887a6014cff9
BUY,0.907,41.68,1764244387,No,0x5bd3aede54a1ad65f72a0fcd2ab2527abc42f7b16e904a35985cd44d23aebf9e
SELL,0.092,83.7,1764237699,Yes,0xcd9269b5d8e33d4e71d0ac52b5afc9ec49301113c34f60813d56aca2ef469c92
BUY,0.13141591993147447,83.703702,1764209325,Yes,0xd11287e8f85034df812d00dc73899cf767df3c8909003004183443ce0da9224e
BUY,0.91,20,1764193307,No,0x6b920db59ee0d0c1f381f2d09390505f9f95474ff0ce731d54c1e83ece2c4b83
SELL,0.09,10.22,1764185121,Yes,0x4c2c141cce3898ff0171bc3981f4591ee612514815b705e9d9c07420e3f02099
SELL,0.091,10.21,1764184913,Yes,0x4c1a0c9420f5e9632c4883b572b5f3fbcc4588c0b80e525337c1ef83ac8e41b9
BUY,0.13699995914464044,20.437955,1764183349,Yes,0x35cf5fee328997740c25aff64fcbecde8ccfb74d3c1c00db836d2e4551e8eaa5
BUY,0.9119999992703998,21.929818,1764182725,No,0xb07ba44004587231011b4e1e7a234991c981a9c82aeee80aca69a8c19edb4268
BUY,0.10275577681085336,58.390868,1764182417,Yes,0x7de7a0eaaea80d08e144cde0f5d31396d0c0a402a7371f5027fc01277c4bdc92
BUY,0.11757689311772007,1701.014491,1764182355,Yes,0x1c9bf748844d6e0cc1c2498a726ef692a6390f410f8a8148fb723fc8be0e8836
BUY,0.088,47,1764181949,Yes,0x5590e1830e4090d91481b662cb9bb20ddd5739d135abe77d4560bce0a3df75f5
BUY,0.9252731045621261,54.038094,1764168165,No,0xadf47d9c41d02411a669ff55aafd7427223747bd928bb1903d85a3c2431927ae
BUY,0.926,10,1764140397,No,0xc21dc447c53f98970579e92c511308ddc3a01f8c2eb72087ae31b9b403290fc1
BUY,0.088,12,1764133439,Yes,0xb1bf53ef6c7761079132cb6a6410dc77230a4281f74def8c099dde2e093dbc56
BUY,0.924999969937495,10.810809,1764128151,No,0x6b22d892c27698d5cd98cb5ec5e23bd87261644f4c0537ec31bf50ac3aed72a4
SELL,0.101,2.5,1764077941,Yes,0xd97e51f6431a1e90d49ff27fe67d5e78cc1636ad5088594e216642f23e2808df
BUY,0.9279999925759985,5.38793,1764073201,No,0xba62815cc22899cb6868aa3e193cd7ea626b2c8cccf93c018b8e535436f2d381
SELL,0.073,3.19,1764065649,Yes,0x75a57de87d78a99699838c8f611c823715a09c219bc7229227c9ba79f1d88201
BUY,0.15399996037066366,19.480518,1764027187,Yes,0xf1b68ed6132524f6e72508547c831a353cc9739db43b531780081dd368cd57f0
BUY,0.8874882741165876,225.355089,1764023843,No,0x35060330521bf6bbca2c4bf231857c0722d8706460bc7b34b35d1369d9ca61e8
BUY,0.884,5,1764020463,No,0x83ebddd12deda590a6bb25625e1cd427499328c548090ba9671ac819373542a3
BUY,0.1763068,25,1764016151,Yes,0xac3bc71367956f005a2d60c26ba26cd082fb43d258438b4e4f88f85f1a18a471
BUY,0.17699987043596527,5.649716,1764013687,Yes,0xa73518602882c797121130aa3b07aaed1fb9a801b08018143910ca456e51a659
BUY,0.17700001163142934,15.819208,1764013375,Yes,0xef32b2ff631602fe8cc6a0ab74fd7b1851589c23081d888322740d034b75b39d
SELL,0.112,25,1764011505,Yes,0x105f3df24ec89bb0ebbf41ecc615774fb4c7cf1bd3060430910ffc8b67533c5b
SELL,0.1136459,100,1764009373,Yes,0x62af3dc07619ee1b8b664feebb75d7bddab87da678b7d08c3f485d10fe673ec4
BUY,0.15899987073297583,6.289307,1763978625,Yes,0xba510895a45f4b0d0a43d49589374e6e90c58b20e8488bdf0bd746d343c6f4d1
BUY,0.8679999461838958,2.304143,1763977615,No,0x54ab6edec73195a40702466a69a374f51840e5a64ad607a18757b965a0dbc6bd
BUY,0.14643082552239428,34.145809,1763970619,Yes,0xc04d2f2dfe2e2a136b73702db7aaa42160631a178e3ee1ba7b0bd74d967ebb7e
BUY,0.1429999658229968,20.979019,1763968771,Yes,0x2a427742969d28fd53b6fd10d24ceae303ad8c7b26fd4d09811ce2d53ba31f83
BUY,0.868999979143964,4.602984,1763962177,No,0x58442bdf3824c54a9005893aaf84e908ece244608037c842f50d49439e56ccc4
SELL,0.857,2,1763954671,No,0x84654600cbe30ca4bd0226b2d0618173f22a96e2b5dacbbe2da931e06448c6f0
BUY,0.8599999911339933,2.255807,1763952173,No,0x8541d3182edcf71a1d4072a7badc2ca794e24038ae9b4ae78f15df99a34e0b5e
BUY,0.85938,1000,1763952165,No,0x728a6a033301c9643f6dd59eede0865e8064d77defe2c8d1018263f7fec87712
BUY,0.22273696786971478,4.489596,1763940851,Yes,0xa96b0f89605cecec13a5acf549dc4ef6e237e3126bc3528672fd530b6adc5eb7
SELL,0.113,34.48,1763936039,Yes,0xe5a10149fa13ccfd15115d70bf77cc66a107885b74fd4754604948e030ac4cd1
BUY,0.18899985711596515,5.291004,1763931147,Yes,0xdaf35c254ceac9f6440872bdd77df3736c5b211573f6f14a8c2724c6bc6af9d4
SELL,0.116,8.4,1763905215,Yes,0x3e8f9a47d8df7fb96240b9b3f2d568311cdec8d1b6a2bbf8eae5ec2e59adc9b6
BUY,0.8599999991399997,23.255807,1763893455,No,0x3110217864de39b855106a020a4831b3c367fd4cebfa7820764def494184221a
BUY,0.55,2,1763892435,No,0x3e5d2cc10fc5ddc0565b0a10968713e62b7da373a24f07ff1b1588b1343a1fae
SELL,0.45,10,1763890929,Yes,0x072318dfa3c2a43d215f88eaa363676e92a91e432ce01bf5eda69b1f97e82477
BUY,0.55,60,1763890433,No,0x927e976043b10ffc0b4a2cf871cce15b204b9eec3ac1e7e3146e5bbdac6431e4
BUY,0.45,38,1763889731,Yes,0xfcb9539019485c19fa29fbd203d2f34e672ca0b2a3db9a4b1f34949b7a538726
BUY,0.15,100,1763884749,Yes,0x577482bb3fc7dbf8d1f2ccd855102d258c19e1af7d0299eb7891425d12efffc7
BUY,0.12,25,1763878043,Yes,0xe2ed265bc127da075095e3cb998b5dc9ffc2b4691f2fe47427a8bd20ac56fd1f
BUY,0.8896655392201721,597.977527,1763836849,No,0xfdbc7e1b247776d23bd6643a4cd27a0ffe9bad1d6687c84c3aeaf1ccda22ed13
SELL,0.88,2.08,1763831223,No,0xf88996e2fe48d752bad7da26dffdff206f50ee428c6e7fecfb750d20f280e5a0
BUY,0.11960132730764561,501.666665,1763831027,Yes,0x8a00503705b9f75e3c38f8f52ded60411e78ebb71ca138306d1075491fc0a218
BUY,0.11999989919998387,8.333332,1763805111,Yes,0x634b150659f275bf196c910c3d6dc975891cc9270e7995fcb245430ec155eebe
BUY,0.9609997097777975,2.081164,1763803781,No,0x931e6fbeea900a920dbf1df7633229b4823135dbe777194733f2f4fa4772e78e
BUY,0.11999999852307691,541.666665,1763768539,Yes,0xaccbed7c5b77dcba7a40dd192b3e8ecbe6353af57025f4cb6128ea2c2cdc06cb
BUY,0.12,10,1763768353,Yes,0x21e65c32212238fc65d58f2e7b1edd1a943bab05aecff586e46d394664c47b77
BUY,0.11999997479999899,33.333332,1763767781,Yes,0xbac8fb5b2c85238d175c3bc22be9311541ce25532807160677dd734d06d8f2b1
BUY,0.11977496285161869,709.664165,1763767695,Yes,0x6fc2898fe7ab3e058d4c7e7255966ef0ab8a9fcb41a927824a77d1c36a7d7220
BUY,0.11724136985017818,85.294116,1763767641,Yes,0x27724e1ff7c3ea8afee8265fe8115863d170fdc63ffd49de0bbba9c5f98f4eab
BUY,0.96,3.1979,1763751863,No,0xa835092bb4273d0ebe121750802289041707d1e3a87e654329f33a6ffe38aada
BUY,0.881,0.82,1763724861,No,0xc1e1b88ac2d3a330101ecb4fedda25d920b1861632b17778439341c0c743053c
BUY,0.881,9,1763706825,No,0x3795c3612fe9220c8e326bbd5a235c4835727fb46943e7537b58eca2b170c93a
SELL,0.119,5,1763705201,Yes,0x4076c58794464b77e574bf64623977ada6636c788a530f07a7e69657d92e2c34
BUY,0.119,85.18,1763703785,Yes,0xcf20d63914a4a11856cb58cd0b27ef7f9654ae466819bd9f36e72b6a1407ab07
BUY,0.11899990003998401,8.40336,1763697365,Yes,0x915b58b4cc3bd81218900c1116ce4c57db74545049b5ebfcd20bacd8f2f1dad7
BUY,0.11899990003998401,8.40336,1763674589,Yes,0x331b90d10b96c1ebc89d0ec0b501233fb28ce6122820773becb9c737b40f39fb
BUY,0.888,10,1763664483,No,0x4a2dff625213fcea09e4dd1da0ddac04b36aa7eaa1da889fc9b427d66d6c60c6
BUY,0.07962702700550621,62.79275,1763647607,Yes,0xa1ddef0f2737ff133d3c4da66a87f52d1e78c450238a98a1949fdd9d8a887ee9
BUY,0.968999999321699,10.319903,1763645335,No,0x3ab0330d2ebb5226c64cb5f8c2c8a45afb54dfd8be8beb17a5ec475e8f48a385
BUY,0.0726771915352875,687.97375,1763645293,Yes,0x8a41124288af9cd6125b80afe6cf385fefeb699a9f48c5a39126948de4c942d0
BUY,0.9689999925709802,3.095967,1763637773,No,0x305bc5ce12635b72ba2a878280ec6e1bb259573692ff877cf881c4cf23eeed29
BUY,0.969,10,1763629285,No,0x52700a4ae8d31bb34bde01d10bfd7ed915b47973923d890cbc88284549b9bd16
BUY,0.968999999321699,10.319903,1763628661,No,0x8e82fbb72e39570e290fb2b7fd932dc10ef58946af9d186d5cfd8e5ead22dddd
BUY,0.9689999777124656,1.031967,1763622863,No,0x5ec013829fe3f7403af9db6ef67460adcf82dd924a8a35f51cda385256ed197c
BUY,0.968999988856411,2.063967,1763600415,No,0x096c631e897b81d74df289eba52044a6d26fc06a106d08b8aa1dca84b0be19f2
BUY,0.057999973725998764,34.482757,1763598631,Yes,0xa524a2f8c86a52835671b5260c2d3cab6eb28a8d3ffb02966bbfd68095836b51
BUY,0.9689999777124656,1.031967,1763592129,No,0x4763d4bb7ff6b8ac904ad4751ba84f7751cf18e56f57bf6b81ec92f2dbcb0cb4
BUY,0.05302455534045557,536.166665,1763570603,Yes,0x18dc3dfda7f5620526848fedaa2ee8c47dcd0dba0254ad3445018ad491d23113
BUY,0.9699515023254637,103.097933,1763561091,No,0x7a1eda65c14c6dae408ef08d3222b8bd01f91ef7d507b97d5645aad9868b0976
BUY,0.9699999980599977,10.309266,1763546343,No,0xad6f40b1b45d6f8dfd6ceb562c9cd7f43126988f55d3aa28e40d60299bf89ee5
BUY,0.96,5,1763543059,No,0xeb362ca962ce8936ae579e001e78ae7b989330df3b47840e518ed2433f297df0
BUY,0.05,10,1763541761,Yes,0x770c3d118fd677100b57b6fb4f211c2708fe46ff98ad3ad63bf6f98f5221d48a
BUY,0.9699999980599977,10.309266,1763540129,No,0x42b9009fdb394ef59d036fa215697c6f8b3788c856306ab69f4dd7683c912f0c
BUY,0.97,10,1763531247,No,0x8e2093a2c014cbc06bd8e3e0c49cec1a6057ba28bafdbd637bb1b8f6284f4e90
